{"flutter":{"platforms":{"android":{"default":{"projectId":"health-plus-94217","appId":"1:373567202065:android:ee4b9b8e21138d4ed022b0","fileOutput":"android/app/google-services.json"}},"dart":{"lib/firebase_options.dart":{"projectId":"health-plus-94217","configurations":{"android":"1:373567202065:android:ee4b9b8e21138d4ed022b0","ios":"1:373567202065:ios:27885d80e49ee8e6d022b0","macos":"1:373567202065:ios:27885d80e49ee8e6d022b0","web":"1:373567202065:web:b47b0a0b3e70a65ed022b0","windows":"1:373567202065:web:353367bf92f093ecd022b0"}}}}}}